LoopID : 0; InstanceID : 0; LoopCount : 10000; NbInsns : 1

Address; Instruction                                        ;  Type; Leader/Follower; Leader address; L1_HIT; L1_COLD; L1_CONF; L2_HIT; L2_COLD; L2_CONF; L3_HIT; L3_COLD; L3_CONF;

0x400b30; MOVAPS (%RSI),%XMM0                               ;	load;	l;	0x400b30;	0;	512;	9488;	0;	4096;	5904;	0;	10000;	0

Sum(Column):	0.000;	512.000;	9488.000;	0.000;	4096.000;	5904.000;	0.000;	10000.000;	0.000
Sum(Column) / LoopCount:	0.000;	512.000;	9488.000;	0.000;	4096.000;	5904.000;	0.000;	10000.000;	0.000

LoopID : 0; InstanceID : 1; LoopCount : 10000; NbInsns : 1

Address; Instruction                                        ;  Type; Leader/Follower; Leader address; L1_HIT; L1_COLD; L1_CONF; L2_HIT; L2_COLD; L2_CONF; L3_HIT; L3_COLD; L3_CONF;

0x400b30; MOVAPS (%RSI),%XMM0                               ;	load;	l;	0x400b30;	448;	0;	9552;	3584;	0;	5968;	5968;	0;	0

Sum(Column):	448.000;	0.000;	9552.000;	3584.000;	0.000;	5968.000;	5968.000;	0.000;	0.000
Sum(Column) / LoopCount:	448.000;	0.000;	9552.000;	3584.000;	0.000;	5968.000;	5968.000;	0.000;	0.000

LoopID : 0; InstanceID : 2; LoopCount : 10000; NbInsns : 1

Address; Instruction                                        ;  Type; Leader/Follower; Leader address; L1_HIT; L1_COLD; L1_CONF; L2_HIT; L2_COLD; L2_CONF; L3_HIT; L3_COLD; L3_CONF;

0x400b30; MOVAPS (%RSI),%XMM0                               ;	load;	l;	0x400b30;	448;	0;	9552;	3584;	0;	5968;	5968;	0;	0

Sum(Column):	448.000;	0.000;	9552.000;	3584.000;	0.000;	5968.000;	5968.000;	0.000;	0.000
Sum(Column) / LoopCount:	448.000;	0.000;	9552.000;	3584.000;	0.000;	5968.000;	5968.000;	0.000;	0.000

LoopID : 0; InstanceID : 3; LoopCount : 10000; NbInsns : 1

Address; Instruction                                        ;  Type; Leader/Follower; Leader address; L1_HIT; L1_COLD; L1_CONF; L2_HIT; L2_COLD; L2_CONF; L3_HIT; L3_COLD; L3_CONF;

0x400b30; MOVAPS (%RSI),%XMM0                               ;	load;	l;	0x400b30;	448;	0;	9552;	3584;	0;	5968;	5968;	0;	0

Sum(Column):	448.000;	0.000;	9552.000;	3584.000;	0.000;	5968.000;	5968.000;	0.000;	0.000
Sum(Column) / LoopCount:	448.000;	0.000;	9552.000;	3584.000;	0.000;	5968.000;	5968.000;	0.000;	0.000

LoopID : 0; InstanceID : 4; LoopCount : 10000; NbInsns : 1

Address; Instruction                                        ;  Type; Leader/Follower; Leader address; L1_HIT; L1_COLD; L1_CONF; L2_HIT; L2_COLD; L2_CONF; L3_HIT; L3_COLD; L3_CONF;

0x400b30; MOVAPS (%RSI),%XMM0                               ;	load;	l;	0x400b30;	448;	0;	9552;	3584;	0;	5968;	5968;	0;	0

Sum(Column):	448.000;	0.000;	9552.000;	3584.000;	0.000;	5968.000;	5968.000;	0.000;	0.000
Sum(Column) / LoopCount:	448.000;	0.000;	9552.000;	3584.000;	0.000;	5968.000;	5968.000;	0.000;	0.000

LoopID : 0; InstanceID : 5; LoopCount : 10000; NbInsns : 1

Address; Instruction                                        ;  Type; Leader/Follower; Leader address; L1_HIT; L1_COLD; L1_CONF; L2_HIT; L2_COLD; L2_CONF; L3_HIT; L3_COLD; L3_CONF;

0x400b30; MOVAPS (%RSI),%XMM0                               ;	load;	l;	0x400b30;	448;	0;	9552;	3584;	0;	5968;	5968;	0;	0

Sum(Column):	448.000;	0.000;	9552.000;	3584.000;	0.000;	5968.000;	5968.000;	0.000;	0.000
Sum(Column) / LoopCount:	448.000;	0.000;	9552.000;	3584.000;	0.000;	5968.000;	5968.000;	0.000;	0.000

LoopID : 0; InstanceID : 6; LoopCount : 10000; NbInsns : 1

Address; Instruction                                        ;  Type; Leader/Follower; Leader address; L1_HIT; L1_COLD; L1_CONF; L2_HIT; L2_COLD; L2_CONF; L3_HIT; L3_COLD; L3_CONF;

0x400b30; MOVAPS (%RSI),%XMM0                               ;	load;	l;	0x400b30;	448;	0;	9552;	3584;	0;	5968;	5968;	0;	0

Sum(Column):	448.000;	0.000;	9552.000;	3584.000;	0.000;	5968.000;	5968.000;	0.000;	0.000
Sum(Column) / LoopCount:	448.000;	0.000;	9552.000;	3584.000;	0.000;	5968.000;	5968.000;	0.000;	0.000

LoopID : 0; InstanceID : 7; LoopCount : 10000; NbInsns : 1

Address; Instruction                                        ;  Type; Leader/Follower; Leader address; L1_HIT; L1_COLD; L1_CONF; L2_HIT; L2_COLD; L2_CONF; L3_HIT; L3_COLD; L3_CONF;

0x400b30; MOVAPS (%RSI),%XMM0                               ;	load;	l;	0x400b30;	448;	0;	9552;	3584;	0;	5968;	5968;	0;	0

Sum(Column):	448.000;	0.000;	9552.000;	3584.000;	0.000;	5968.000;	5968.000;	0.000;	0.000
Sum(Column) / LoopCount:	448.000;	0.000;	9552.000;	3584.000;	0.000;	5968.000;	5968.000;	0.000;	0.000

LoopID : 0; InstanceID : 8; LoopCount : 10000; NbInsns : 1

Address; Instruction                                        ;  Type; Leader/Follower; Leader address; L1_HIT; L1_COLD; L1_CONF; L2_HIT; L2_COLD; L2_CONF; L3_HIT; L3_COLD; L3_CONF;

0x400b30; MOVAPS (%RSI),%XMM0                               ;	load;	l;	0x400b30;	448;	0;	9552;	3584;	0;	5968;	5968;	0;	0

Sum(Column):	448.000;	0.000;	9552.000;	3584.000;	0.000;	5968.000;	5968.000;	0.000;	0.000
Sum(Column) / LoopCount:	448.000;	0.000;	9552.000;	3584.000;	0.000;	5968.000;	5968.000;	0.000;	0.000

LoopID : 0; InstanceID : 9; LoopCount : 10000; NbInsns : 1

Address; Instruction                                        ;  Type; Leader/Follower; Leader address; L1_HIT; L1_COLD; L1_CONF; L2_HIT; L2_COLD; L2_CONF; L3_HIT; L3_COLD; L3_CONF;

0x400b30; MOVAPS (%RSI),%XMM0                               ;	load;	l;	0x400b30;	448;	0;	9552;	3584;	0;	5968;	5968;	0;	0

Sum(Column):	448.000;	0.000;	9552.000;	3584.000;	0.000;	5968.000;	5968.000;	0.000;	0.000
Sum(Column) / LoopCount:	448.000;	0.000;	9552.000;	3584.000;	0.000;	5968.000;	5968.000;	0.000;	0.000

LoopID : 0; InstanceID : 10; LoopCount : 10000; NbInsns : 1

Address; Instruction                                        ;  Type; Leader/Follower; Leader address; L1_HIT; L1_COLD; L1_CONF; L2_HIT; L2_COLD; L2_CONF; L3_HIT; L3_COLD; L3_CONF;

0x400b30; MOVAPS (%RSI),%XMM0                               ;	load;	l;	0x400b30;	448;	0;	9552;	3584;	0;	5968;	5968;	0;	0

Sum(Column):	448.000;	0.000;	9552.000;	3584.000;	0.000;	5968.000;	5968.000;	0.000;	0.000
Sum(Column) / LoopCount:	448.000;	0.000;	9552.000;	3584.000;	0.000;	5968.000;	5968.000;	0.000;	0.000

LoopID : 0; InstanceID : 11; LoopCount : 10000; NbInsns : 1

Address; Instruction                                        ;  Type; Leader/Follower; Leader address; L1_HIT; L1_COLD; L1_CONF; L2_HIT; L2_COLD; L2_CONF; L3_HIT; L3_COLD; L3_CONF;

0x400b30; MOVAPS (%RSI),%XMM0                               ;	load;	l;	0x400b30;	448;	0;	9552;	3584;	0;	5968;	5968;	0;	0

Sum(Column):	448.000;	0.000;	9552.000;	3584.000;	0.000;	5968.000;	5968.000;	0.000;	0.000
Sum(Column) / LoopCount:	448.000;	0.000;	9552.000;	3584.000;	0.000;	5968.000;	5968.000;	0.000;	0.000

LoopID : 0; InstanceID : 12; LoopCount : 10000; NbInsns : 1

Address; Instruction                                        ;  Type; Leader/Follower; Leader address; L1_HIT; L1_COLD; L1_CONF; L2_HIT; L2_COLD; L2_CONF; L3_HIT; L3_COLD; L3_CONF;

0x400b30; MOVAPS (%RSI),%XMM0                               ;	load;	l;	0x400b30;	448;	0;	9552;	3584;	0;	5968;	5968;	0;	0

Sum(Column):	448.000;	0.000;	9552.000;	3584.000;	0.000;	5968.000;	5968.000;	0.000;	0.000
Sum(Column) / LoopCount:	448.000;	0.000;	9552.000;	3584.000;	0.000;	5968.000;	5968.000;	0.000;	0.000

LoopID : 0; InstanceID : 13; LoopCount : 10000; NbInsns : 1

Address; Instruction                                        ;  Type; Leader/Follower; Leader address; L1_HIT; L1_COLD; L1_CONF; L2_HIT; L2_COLD; L2_CONF; L3_HIT; L3_COLD; L3_CONF;

0x400b30; MOVAPS (%RSI),%XMM0                               ;	load;	l;	0x400b30;	448;	0;	9552;	3584;	0;	5968;	5968;	0;	0

Sum(Column):	448.000;	0.000;	9552.000;	3584.000;	0.000;	5968.000;	5968.000;	0.000;	0.000
Sum(Column) / LoopCount:	448.000;	0.000;	9552.000;	3584.000;	0.000;	5968.000;	5968.000;	0.000;	0.000

LoopID : 0; InstanceID : 14; LoopCount : 10000; NbInsns : 1

Address; Instruction                                        ;  Type; Leader/Follower; Leader address; L1_HIT; L1_COLD; L1_CONF; L2_HIT; L2_COLD; L2_CONF; L3_HIT; L3_COLD; L3_CONF;

0x400b30; MOVAPS (%RSI),%XMM0                               ;	load;	l;	0x400b30;	448;	0;	9552;	3584;	0;	5968;	5968;	0;	0

Sum(Column):	448.000;	0.000;	9552.000;	3584.000;	0.000;	5968.000;	5968.000;	0.000;	0.000
Sum(Column) / LoopCount:	448.000;	0.000;	9552.000;	3584.000;	0.000;	5968.000;	5968.000;	0.000;	0.000

LoopID : 0; InstanceID : 15; LoopCount : 10000; NbInsns : 1

Address; Instruction                                        ;  Type; Leader/Follower; Leader address; L1_HIT; L1_COLD; L1_CONF; L2_HIT; L2_COLD; L2_CONF; L3_HIT; L3_COLD; L3_CONF;

0x400b30; MOVAPS (%RSI),%XMM0                               ;	load;	l;	0x400b30;	448;	0;	9552;	3584;	0;	5968;	5968;	0;	0

Sum(Column):	448.000;	0.000;	9552.000;	3584.000;	0.000;	5968.000;	5968.000;	0.000;	0.000
Sum(Column) / LoopCount:	448.000;	0.000;	9552.000;	3584.000;	0.000;	5968.000;	5968.000;	0.000;	0.000

LoopID : 0; InstanceID : 16; LoopCount : 10000; NbInsns : 1

Address; Instruction                                        ;  Type; Leader/Follower; Leader address; L1_HIT; L1_COLD; L1_CONF; L2_HIT; L2_COLD; L2_CONF; L3_HIT; L3_COLD; L3_CONF;

0x400b30; MOVAPS (%RSI),%XMM0                               ;	load;	l;	0x400b30;	448;	0;	9552;	3584;	0;	5968;	5968;	0;	0

Sum(Column):	448.000;	0.000;	9552.000;	3584.000;	0.000;	5968.000;	5968.000;	0.000;	0.000
Sum(Column) / LoopCount:	448.000;	0.000;	9552.000;	3584.000;	0.000;	5968.000;	5968.000;	0.000;	0.000

LoopID : 0; InstanceID : 17; LoopCount : 10000; NbInsns : 1

Address; Instruction                                        ;  Type; Leader/Follower; Leader address; L1_HIT; L1_COLD; L1_CONF; L2_HIT; L2_COLD; L2_CONF; L3_HIT; L3_COLD; L3_CONF;

0x400b30; MOVAPS (%RSI),%XMM0                               ;	load;	l;	0x400b30;	448;	0;	9552;	3584;	0;	5968;	5968;	0;	0

Sum(Column):	448.000;	0.000;	9552.000;	3584.000;	0.000;	5968.000;	5968.000;	0.000;	0.000
Sum(Column) / LoopCount:	448.000;	0.000;	9552.000;	3584.000;	0.000;	5968.000;	5968.000;	0.000;	0.000

LoopID : 0; InstanceID : 18; LoopCount : 10000; NbInsns : 1

Address; Instruction                                        ;  Type; Leader/Follower; Leader address; L1_HIT; L1_COLD; L1_CONF; L2_HIT; L2_COLD; L2_CONF; L3_HIT; L3_COLD; L3_CONF;

0x400b30; MOVAPS (%RSI),%XMM0                               ;	load;	l;	0x400b30;	448;	0;	9552;	3584;	0;	5968;	5968;	0;	0

Sum(Column):	448.000;	0.000;	9552.000;	3584.000;	0.000;	5968.000;	5968.000;	0.000;	0.000
Sum(Column) / LoopCount:	448.000;	0.000;	9552.000;	3584.000;	0.000;	5968.000;	5968.000;	0.000;	0.000

LoopID : 0; InstanceID : 19; LoopCount : 10000; NbInsns : 1

Address; Instruction                                        ;  Type; Leader/Follower; Leader address; L1_HIT; L1_COLD; L1_CONF; L2_HIT; L2_COLD; L2_CONF; L3_HIT; L3_COLD; L3_CONF;

0x400b30; MOVAPS (%RSI),%XMM0                               ;	load;	l;	0x400b30;	448;	0;	9552;	3584;	0;	5968;	5968;	0;	0

Sum(Column):	448.000;	0.000;	9552.000;	3584.000;	0.000;	5968.000;	5968.000;	0.000;	0.000
Sum(Column) / LoopCount:	448.000;	0.000;	9552.000;	3584.000;	0.000;	5968.000;	5968.000;	0.000;	0.000

LoopID : 0; InstanceID : 20; LoopCount : 10000; NbInsns : 1

Address; Instruction                                        ;  Type; Leader/Follower; Leader address; L1_HIT; L1_COLD; L1_CONF; L2_HIT; L2_COLD; L2_CONF; L3_HIT; L3_COLD; L3_CONF;

0x400b30; MOVAPS (%RSI),%XMM0                               ;	load;	l;	0x400b30;	448;	0;	9552;	3584;	0;	5968;	5968;	0;	0

Sum(Column):	448.000;	0.000;	9552.000;	3584.000;	0.000;	5968.000;	5968.000;	0.000;	0.000
Sum(Column) / LoopCount:	448.000;	0.000;	9552.000;	3584.000;	0.000;	5968.000;	5968.000;	0.000;	0.000

LoopID : 0; InstanceID : 21; LoopCount : 10000; NbInsns : 1

Address; Instruction                                        ;  Type; Leader/Follower; Leader address; L1_HIT; L1_COLD; L1_CONF; L2_HIT; L2_COLD; L2_CONF; L3_HIT; L3_COLD; L3_CONF;

0x400b30; MOVAPS (%RSI),%XMM0                               ;	load;	l;	0x400b30;	448;	0;	9552;	3584;	0;	5968;	5968;	0;	0

Sum(Column):	448.000;	0.000;	9552.000;	3584.000;	0.000;	5968.000;	5968.000;	0.000;	0.000
Sum(Column) / LoopCount:	448.000;	0.000;	9552.000;	3584.000;	0.000;	5968.000;	5968.000;	0.000;	0.000

LoopID : 0; InstanceID : 22; LoopCount : 10000; NbInsns : 1

Address; Instruction                                        ;  Type; Leader/Follower; Leader address; L1_HIT; L1_COLD; L1_CONF; L2_HIT; L2_COLD; L2_CONF; L3_HIT; L3_COLD; L3_CONF;

0x400b30; MOVAPS (%RSI),%XMM0                               ;	load;	l;	0x400b30;	448;	0;	9552;	3584;	0;	5968;	5968;	0;	0

Sum(Column):	448.000;	0.000;	9552.000;	3584.000;	0.000;	5968.000;	5968.000;	0.000;	0.000
Sum(Column) / LoopCount:	448.000;	0.000;	9552.000;	3584.000;	0.000;	5968.000;	5968.000;	0.000;	0.000

LoopID : 0; InstanceID : 23; LoopCount : 10000; NbInsns : 1

Address; Instruction                                        ;  Type; Leader/Follower; Leader address; L1_HIT; L1_COLD; L1_CONF; L2_HIT; L2_COLD; L2_CONF; L3_HIT; L3_COLD; L3_CONF;

0x400b30; MOVAPS (%RSI),%XMM0                               ;	load;	l;	0x400b30;	448;	0;	9552;	3584;	0;	5968;	5968;	0;	0

Sum(Column):	448.000;	0.000;	9552.000;	3584.000;	0.000;	5968.000;	5968.000;	0.000;	0.000
Sum(Column) / LoopCount:	448.000;	0.000;	9552.000;	3584.000;	0.000;	5968.000;	5968.000;	0.000;	0.000

LoopID : 0; InstanceID : 24; LoopCount : 10000; NbInsns : 1

Address; Instruction                                        ;  Type; Leader/Follower; Leader address; L1_HIT; L1_COLD; L1_CONF; L2_HIT; L2_COLD; L2_CONF; L3_HIT; L3_COLD; L3_CONF;

0x400b30; MOVAPS (%RSI),%XMM0                               ;	load;	l;	0x400b30;	448;	0;	9552;	3584;	0;	5968;	5968;	0;	0

Sum(Column):	448.000;	0.000;	9552.000;	3584.000;	0.000;	5968.000;	5968.000;	0.000;	0.000
Sum(Column) / LoopCount:	448.000;	0.000;	9552.000;	3584.000;	0.000;	5968.000;	5968.000;	0.000;	0.000

LoopID : 0; InstanceID : 25; LoopCount : 10000; NbInsns : 1

Address; Instruction                                        ;  Type; Leader/Follower; Leader address; L1_HIT; L1_COLD; L1_CONF; L2_HIT; L2_COLD; L2_CONF; L3_HIT; L3_COLD; L3_CONF;

0x400b30; MOVAPS (%RSI),%XMM0                               ;	load;	l;	0x400b30;	448;	0;	9552;	3584;	0;	5968;	5968;	0;	0

Sum(Column):	448.000;	0.000;	9552.000;	3584.000;	0.000;	5968.000;	5968.000;	0.000;	0.000
Sum(Column) / LoopCount:	448.000;	0.000;	9552.000;	3584.000;	0.000;	5968.000;	5968.000;	0.000;	0.000

LoopID : 0; InstanceID : 26; LoopCount : 10000; NbInsns : 1

Address; Instruction                                        ;  Type; Leader/Follower; Leader address; L1_HIT; L1_COLD; L1_CONF; L2_HIT; L2_COLD; L2_CONF; L3_HIT; L3_COLD; L3_CONF;

0x400b30; MOVAPS (%RSI),%XMM0                               ;	load;	l;	0x400b30;	448;	0;	9552;	3584;	0;	5968;	5968;	0;	0

Sum(Column):	448.000;	0.000;	9552.000;	3584.000;	0.000;	5968.000;	5968.000;	0.000;	0.000
Sum(Column) / LoopCount:	448.000;	0.000;	9552.000;	3584.000;	0.000;	5968.000;	5968.000;	0.000;	0.000

LoopID : 0; InstanceID : 27; LoopCount : 10000; NbInsns : 1

Address; Instruction                                        ;  Type; Leader/Follower; Leader address; L1_HIT; L1_COLD; L1_CONF; L2_HIT; L2_COLD; L2_CONF; L3_HIT; L3_COLD; L3_CONF;

0x400b30; MOVAPS (%RSI),%XMM0                               ;	load;	l;	0x400b30;	448;	0;	9552;	3584;	0;	5968;	5968;	0;	0

Sum(Column):	448.000;	0.000;	9552.000;	3584.000;	0.000;	5968.000;	5968.000;	0.000;	0.000
Sum(Column) / LoopCount:	448.000;	0.000;	9552.000;	3584.000;	0.000;	5968.000;	5968.000;	0.000;	0.000

LoopID : 0; InstanceID : 28; LoopCount : 10000; NbInsns : 1

Address; Instruction                                        ;  Type; Leader/Follower; Leader address; L1_HIT; L1_COLD; L1_CONF; L2_HIT; L2_COLD; L2_CONF; L3_HIT; L3_COLD; L3_CONF;

0x400b30; MOVAPS (%RSI),%XMM0                               ;	load;	l;	0x400b30;	448;	0;	9552;	3584;	0;	5968;	5968;	0;	0

Sum(Column):	448.000;	0.000;	9552.000;	3584.000;	0.000;	5968.000;	5968.000;	0.000;	0.000
Sum(Column) / LoopCount:	448.000;	0.000;	9552.000;	3584.000;	0.000;	5968.000;	5968.000;	0.000;	0.000

LoopID : 0; InstanceID : 29; LoopCount : 10000; NbInsns : 1

Address; Instruction                                        ;  Type; Leader/Follower; Leader address; L1_HIT; L1_COLD; L1_CONF; L2_HIT; L2_COLD; L2_CONF; L3_HIT; L3_COLD; L3_CONF;

0x400b30; MOVAPS (%RSI),%XMM0                               ;	load;	l;	0x400b30;	448;	0;	9552;	3584;	0;	5968;	5968;	0;	0

Sum(Column):	448.000;	0.000;	9552.000;	3584.000;	0.000;	5968.000;	5968.000;	0.000;	0.000
Sum(Column) / LoopCount:	448.000;	0.000;	9552.000;	3584.000;	0.000;	5968.000;	5968.000;	0.000;	0.000

LoopID : 0; InstanceID : 30; LoopCount : 10000; NbInsns : 1

Address; Instruction                                        ;  Type; Leader/Follower; Leader address; L1_HIT; L1_COLD; L1_CONF; L2_HIT; L2_COLD; L2_CONF; L3_HIT; L3_COLD; L3_CONF;

0x400b30; MOVAPS (%RSI),%XMM0                               ;	load;	l;	0x400b30;	448;	0;	9552;	3584;	0;	5968;	5968;	0;	0

Sum(Column):	448.000;	0.000;	9552.000;	3584.000;	0.000;	5968.000;	5968.000;	0.000;	0.000
Sum(Column) / LoopCount:	448.000;	0.000;	9552.000;	3584.000;	0.000;	5968.000;	5968.000;	0.000;	0.000

LoopID : 0; InstanceID : 31; LoopCount : 10000; NbInsns : 1

Address; Instruction                                        ;  Type; Leader/Follower; Leader address; L1_HIT; L1_COLD; L1_CONF; L2_HIT; L2_COLD; L2_CONF; L3_HIT; L3_COLD; L3_CONF;

0x400b30; MOVAPS (%RSI),%XMM0                               ;	load;	l;	0x400b30;	448;	0;	9552;	3584;	0;	5968;	5968;	0;	0

Sum(Column):	448.000;	0.000;	9552.000;	3584.000;	0.000;	5968.000;	5968.000;	0.000;	0.000
Sum(Column) / LoopCount:	448.000;	0.000;	9552.000;	3584.000;	0.000;	5968.000;	5968.000;	0.000;	0.000

LoopID : 0; InstanceID : 32; LoopCount : 10000; NbInsns : 1

Address; Instruction                                        ;  Type; Leader/Follower; Leader address; L1_HIT; L1_COLD; L1_CONF; L2_HIT; L2_COLD; L2_CONF; L3_HIT; L3_COLD; L3_CONF;

0x400b30; MOVAPS (%RSI),%XMM0                               ;	load;	l;	0x400b30;	448;	0;	9552;	3584;	0;	5968;	5968;	0;	0

Sum(Column):	448.000;	0.000;	9552.000;	3584.000;	0.000;	5968.000;	5968.000;	0.000;	0.000
Sum(Column) / LoopCount:	448.000;	0.000;	9552.000;	3584.000;	0.000;	5968.000;	5968.000;	0.000;	0.000

LoopID : 0; InstanceID : 33; LoopCount : 10000; NbInsns : 1

Address; Instruction                                        ;  Type; Leader/Follower; Leader address; L1_HIT; L1_COLD; L1_CONF; L2_HIT; L2_COLD; L2_CONF; L3_HIT; L3_COLD; L3_CONF;

0x400b30; MOVAPS (%RSI),%XMM0                               ;	load;	l;	0x400b30;	448;	0;	9552;	3584;	0;	5968;	5968;	0;	0

Sum(Column):	448.000;	0.000;	9552.000;	3584.000;	0.000;	5968.000;	5968.000;	0.000;	0.000
Sum(Column) / LoopCount:	448.000;	0.000;	9552.000;	3584.000;	0.000;	5968.000;	5968.000;	0.000;	0.000

LoopID : 0; InstanceID : 34; LoopCount : 10000; NbInsns : 1

Address; Instruction                                        ;  Type; Leader/Follower; Leader address; L1_HIT; L1_COLD; L1_CONF; L2_HIT; L2_COLD; L2_CONF; L3_HIT; L3_COLD; L3_CONF;

0x400b30; MOVAPS (%RSI),%XMM0                               ;	load;	l;	0x400b30;	448;	0;	9552;	3584;	0;	5968;	5968;	0;	0

Sum(Column):	448.000;	0.000;	9552.000;	3584.000;	0.000;	5968.000;	5968.000;	0.000;	0.000
Sum(Column) / LoopCount:	448.000;	0.000;	9552.000;	3584.000;	0.000;	5968.000;	5968.000;	0.000;	0.000

LoopID : 0; InstanceID : 35; LoopCount : 10000; NbInsns : 1

Address; Instruction                                        ;  Type; Leader/Follower; Leader address; L1_HIT; L1_COLD; L1_CONF; L2_HIT; L2_COLD; L2_CONF; L3_HIT; L3_COLD; L3_CONF;

0x400b30; MOVAPS (%RSI),%XMM0                               ;	load;	l;	0x400b30;	448;	0;	9552;	3584;	0;	5968;	5968;	0;	0

Sum(Column):	448.000;	0.000;	9552.000;	3584.000;	0.000;	5968.000;	5968.000;	0.000;	0.000
Sum(Column) / LoopCount:	448.000;	0.000;	9552.000;	3584.000;	0.000;	5968.000;	5968.000;	0.000;	0.000

LoopID : 0; InstanceID : 36; LoopCount : 10000; NbInsns : 1

Address; Instruction                                        ;  Type; Leader/Follower; Leader address; L1_HIT; L1_COLD; L1_CONF; L2_HIT; L2_COLD; L2_CONF; L3_HIT; L3_COLD; L3_CONF;

0x400b30; MOVAPS (%RSI),%XMM0                               ;	load;	l;	0x400b30;	448;	0;	9552;	3584;	0;	5968;	5968;	0;	0

Sum(Column):	448.000;	0.000;	9552.000;	3584.000;	0.000;	5968.000;	5968.000;	0.000;	0.000
Sum(Column) / LoopCount:	448.000;	0.000;	9552.000;	3584.000;	0.000;	5968.000;	5968.000;	0.000;	0.000

LoopID : 0; InstanceID : 37; LoopCount : 10000; NbInsns : 1

Address; Instruction                                        ;  Type; Leader/Follower; Leader address; L1_HIT; L1_COLD; L1_CONF; L2_HIT; L2_COLD; L2_CONF; L3_HIT; L3_COLD; L3_CONF;

0x400b30; MOVAPS (%RSI),%XMM0                               ;	load;	l;	0x400b30;	448;	0;	9552;	3584;	0;	5968;	5968;	0;	0

Sum(Column):	448.000;	0.000;	9552.000;	3584.000;	0.000;	5968.000;	5968.000;	0.000;	0.000
Sum(Column) / LoopCount:	448.000;	0.000;	9552.000;	3584.000;	0.000;	5968.000;	5968.000;	0.000;	0.000

LoopID : 0; InstanceID : 38; LoopCount : 10000; NbInsns : 1

Address; Instruction                                        ;  Type; Leader/Follower; Leader address; L1_HIT; L1_COLD; L1_CONF; L2_HIT; L2_COLD; L2_CONF; L3_HIT; L3_COLD; L3_CONF;

0x400b30; MOVAPS (%RSI),%XMM0                               ;	load;	l;	0x400b30;	448;	0;	9552;	3584;	0;	5968;	5968;	0;	0

Sum(Column):	448.000;	0.000;	9552.000;	3584.000;	0.000;	5968.000;	5968.000;	0.000;	0.000
Sum(Column) / LoopCount:	448.000;	0.000;	9552.000;	3584.000;	0.000;	5968.000;	5968.000;	0.000;	0.000

LoopID : 0; InstanceID : 39; LoopCount : 10000; NbInsns : 1

Address; Instruction                                        ;  Type; Leader/Follower; Leader address; L1_HIT; L1_COLD; L1_CONF; L2_HIT; L2_COLD; L2_CONF; L3_HIT; L3_COLD; L3_CONF;

0x400b30; MOVAPS (%RSI),%XMM0                               ;	load;	l;	0x400b30;	448;	0;	9552;	3584;	0;	5968;	5968;	0;	0

Sum(Column):	448.000;	0.000;	9552.000;	3584.000;	0.000;	5968.000;	5968.000;	0.000;	0.000
Sum(Column) / LoopCount:	448.000;	0.000;	9552.000;	3584.000;	0.000;	5968.000;	5968.000;	0.000;	0.000

LoopID : 0; InstanceID : 40; LoopCount : 10000; NbInsns : 1

Address; Instruction                                        ;  Type; Leader/Follower; Leader address; L1_HIT; L1_COLD; L1_CONF; L2_HIT; L2_COLD; L2_CONF; L3_HIT; L3_COLD; L3_CONF;

0x400b30; MOVAPS (%RSI),%XMM0                               ;	load;	l;	0x400b30;	448;	0;	9552;	3584;	0;	5968;	5968;	0;	0

Sum(Column):	448.000;	0.000;	9552.000;	3584.000;	0.000;	5968.000;	5968.000;	0.000;	0.000
Sum(Column) / LoopCount:	448.000;	0.000;	9552.000;	3584.000;	0.000;	5968.000;	5968.000;	0.000;	0.000

LoopID : 0; InstanceID : 41; LoopCount : 10000; NbInsns : 1

Address; Instruction                                        ;  Type; Leader/Follower; Leader address; L1_HIT; L1_COLD; L1_CONF; L2_HIT; L2_COLD; L2_CONF; L3_HIT; L3_COLD; L3_CONF;

0x400b30; MOVAPS (%RSI),%XMM0                               ;	load;	l;	0x400b30;	448;	0;	9552;	3584;	0;	5968;	5968;	0;	0

Sum(Column):	448.000;	0.000;	9552.000;	3584.000;	0.000;	5968.000;	5968.000;	0.000;	0.000
Sum(Column) / LoopCount:	448.000;	0.000;	9552.000;	3584.000;	0.000;	5968.000;	5968.000;	0.000;	0.000

LoopID : 0; InstanceID : 42; LoopCount : 10000; NbInsns : 1

Address; Instruction                                        ;  Type; Leader/Follower; Leader address; L1_HIT; L1_COLD; L1_CONF; L2_HIT; L2_COLD; L2_CONF; L3_HIT; L3_COLD; L3_CONF;

0x400b30; MOVAPS (%RSI),%XMM0                               ;	load;	l;	0x400b30;	448;	0;	9552;	3584;	0;	5968;	5968;	0;	0

Sum(Column):	448.000;	0.000;	9552.000;	3584.000;	0.000;	5968.000;	5968.000;	0.000;	0.000
Sum(Column) / LoopCount:	448.000;	0.000;	9552.000;	3584.000;	0.000;	5968.000;	5968.000;	0.000;	0.000

LoopID : 0; InstanceID : 43; LoopCount : 10000; NbInsns : 1

Address; Instruction                                        ;  Type; Leader/Follower; Leader address; L1_HIT; L1_COLD; L1_CONF; L2_HIT; L2_COLD; L2_CONF; L3_HIT; L3_COLD; L3_CONF;

0x400b30; MOVAPS (%RSI),%XMM0                               ;	load;	l;	0x400b30;	448;	0;	9552;	3584;	0;	5968;	5968;	0;	0

Sum(Column):	448.000;	0.000;	9552.000;	3584.000;	0.000;	5968.000;	5968.000;	0.000;	0.000
Sum(Column) / LoopCount:	448.000;	0.000;	9552.000;	3584.000;	0.000;	5968.000;	5968.000;	0.000;	0.000

LoopID : 0; InstanceID : 44; LoopCount : 10000; NbInsns : 1

Address; Instruction                                        ;  Type; Leader/Follower; Leader address; L1_HIT; L1_COLD; L1_CONF; L2_HIT; L2_COLD; L2_CONF; L3_HIT; L3_COLD; L3_CONF;

0x400b30; MOVAPS (%RSI),%XMM0                               ;	load;	l;	0x400b30;	448;	0;	9552;	3584;	0;	5968;	5968;	0;	0

Sum(Column):	448.000;	0.000;	9552.000;	3584.000;	0.000;	5968.000;	5968.000;	0.000;	0.000
Sum(Column) / LoopCount:	448.000;	0.000;	9552.000;	3584.000;	0.000;	5968.000;	5968.000;	0.000;	0.000

LoopID : 0; InstanceID : 45; LoopCount : 10000; NbInsns : 1

Address; Instruction                                        ;  Type; Leader/Follower; Leader address; L1_HIT; L1_COLD; L1_CONF; L2_HIT; L2_COLD; L2_CONF; L3_HIT; L3_COLD; L3_CONF;

0x400b30; MOVAPS (%RSI),%XMM0                               ;	load;	l;	0x400b30;	448;	0;	9552;	3584;	0;	5968;	5968;	0;	0

Sum(Column):	448.000;	0.000;	9552.000;	3584.000;	0.000;	5968.000;	5968.000;	0.000;	0.000
Sum(Column) / LoopCount:	448.000;	0.000;	9552.000;	3584.000;	0.000;	5968.000;	5968.000;	0.000;	0.000

LoopID : 0; InstanceID : 46; LoopCount : 10000; NbInsns : 1

Address; Instruction                                        ;  Type; Leader/Follower; Leader address; L1_HIT; L1_COLD; L1_CONF; L2_HIT; L2_COLD; L2_CONF; L3_HIT; L3_COLD; L3_CONF;

0x400b30; MOVAPS (%RSI),%XMM0                               ;	load;	l;	0x400b30;	448;	0;	9552;	3584;	0;	5968;	5968;	0;	0

Sum(Column):	448.000;	0.000;	9552.000;	3584.000;	0.000;	5968.000;	5968.000;	0.000;	0.000
Sum(Column) / LoopCount:	448.000;	0.000;	9552.000;	3584.000;	0.000;	5968.000;	5968.000;	0.000;	0.000

LoopID : 0; InstanceID : 47; LoopCount : 10000; NbInsns : 1

Address; Instruction                                        ;  Type; Leader/Follower; Leader address; L1_HIT; L1_COLD; L1_CONF; L2_HIT; L2_COLD; L2_CONF; L3_HIT; L3_COLD; L3_CONF;

0x400b30; MOVAPS (%RSI),%XMM0                               ;	load;	l;	0x400b30;	448;	0;	9552;	3584;	0;	5968;	5968;	0;	0

Sum(Column):	448.000;	0.000;	9552.000;	3584.000;	0.000;	5968.000;	5968.000;	0.000;	0.000
Sum(Column) / LoopCount:	448.000;	0.000;	9552.000;	3584.000;	0.000;	5968.000;	5968.000;	0.000;	0.000

LoopID : 0; InstanceID : 48; LoopCount : 10000; NbInsns : 1

Address; Instruction                                        ;  Type; Leader/Follower; Leader address; L1_HIT; L1_COLD; L1_CONF; L2_HIT; L2_COLD; L2_CONF; L3_HIT; L3_COLD; L3_CONF;

0x400b30; MOVAPS (%RSI),%XMM0                               ;	load;	l;	0x400b30;	448;	0;	9552;	3584;	0;	5968;	5968;	0;	0

Sum(Column):	448.000;	0.000;	9552.000;	3584.000;	0.000;	5968.000;	5968.000;	0.000;	0.000
Sum(Column) / LoopCount:	448.000;	0.000;	9552.000;	3584.000;	0.000;	5968.000;	5968.000;	0.000;	0.000

LoopID : 0; InstanceID : 49; LoopCount : 10000; NbInsns : 1

Address; Instruction                                        ;  Type; Leader/Follower; Leader address; L1_HIT; L1_COLD; L1_CONF; L2_HIT; L2_COLD; L2_CONF; L3_HIT; L3_COLD; L3_CONF;

0x400b30; MOVAPS (%RSI),%XMM0                               ;	load;	l;	0x400b30;	448;	0;	9552;	3584;	0;	5968;	5968;	0;	0

Sum(Column):	448.000;	0.000;	9552.000;	3584.000;	0.000;	5968.000;	5968.000;	0.000;	0.000
Sum(Column) / LoopCount:	448.000;	0.000;	9552.000;	3584.000;	0.000;	5968.000;	5968.000;	0.000;	0.000

LoopID : 0; InstanceID : 50; LoopCount : 10000; NbInsns : 1

Address; Instruction                                        ;  Type; Leader/Follower; Leader address; L1_HIT; L1_COLD; L1_CONF; L2_HIT; L2_COLD; L2_CONF; L3_HIT; L3_COLD; L3_CONF;

0x400b30; MOVAPS (%RSI),%XMM0                               ;	load;	l;	0x400b30;	448;	0;	9552;	3584;	0;	5968;	5968;	0;	0

Sum(Column):	448.000;	0.000;	9552.000;	3584.000;	0.000;	5968.000;	5968.000;	0.000;	0.000
Sum(Column) / LoopCount:	448.000;	0.000;	9552.000;	3584.000;	0.000;	5968.000;	5968.000;	0.000;	0.000

LoopID : 0; InstanceID : 51; LoopCount : 10000; NbInsns : 1

Address; Instruction                                        ;  Type; Leader/Follower; Leader address; L1_HIT; L1_COLD; L1_CONF; L2_HIT; L2_COLD; L2_CONF; L3_HIT; L3_COLD; L3_CONF;

0x400b30; MOVAPS (%RSI),%XMM0                               ;	load;	l;	0x400b30;	448;	0;	9552;	3584;	0;	5968;	5968;	0;	0

Sum(Column):	448.000;	0.000;	9552.000;	3584.000;	0.000;	5968.000;	5968.000;	0.000;	0.000
Sum(Column) / LoopCount:	448.000;	0.000;	9552.000;	3584.000;	0.000;	5968.000;	5968.000;	0.000;	0.000

LoopID : 0; InstanceID : 52; LoopCount : 10000; NbInsns : 1

Address; Instruction                                        ;  Type; Leader/Follower; Leader address; L1_HIT; L1_COLD; L1_CONF; L2_HIT; L2_COLD; L2_CONF; L3_HIT; L3_COLD; L3_CONF;

0x400b30; MOVAPS (%RSI),%XMM0                               ;	load;	l;	0x400b30;	448;	0;	9552;	3584;	0;	5968;	5968;	0;	0

Sum(Column):	448.000;	0.000;	9552.000;	3584.000;	0.000;	5968.000;	5968.000;	0.000;	0.000
Sum(Column) / LoopCount:	448.000;	0.000;	9552.000;	3584.000;	0.000;	5968.000;	5968.000;	0.000;	0.000

LoopID : 0; InstanceID : 53; LoopCount : 10000; NbInsns : 1

Address; Instruction                                        ;  Type; Leader/Follower; Leader address; L1_HIT; L1_COLD; L1_CONF; L2_HIT; L2_COLD; L2_CONF; L3_HIT; L3_COLD; L3_CONF;

0x400b30; MOVAPS (%RSI),%XMM0                               ;	load;	l;	0x400b30;	448;	0;	9552;	3584;	0;	5968;	5968;	0;	0

Sum(Column):	448.000;	0.000;	9552.000;	3584.000;	0.000;	5968.000;	5968.000;	0.000;	0.000
Sum(Column) / LoopCount:	448.000;	0.000;	9552.000;	3584.000;	0.000;	5968.000;	5968.000;	0.000;	0.000

LoopID : 0; InstanceID : 54; LoopCount : 10000; NbInsns : 1

Address; Instruction                                        ;  Type; Leader/Follower; Leader address; L1_HIT; L1_COLD; L1_CONF; L2_HIT; L2_COLD; L2_CONF; L3_HIT; L3_COLD; L3_CONF;

0x400b30; MOVAPS (%RSI),%XMM0                               ;	load;	l;	0x400b30;	448;	0;	9552;	3584;	0;	5968;	5968;	0;	0

Sum(Column):	448.000;	0.000;	9552.000;	3584.000;	0.000;	5968.000;	5968.000;	0.000;	0.000
Sum(Column) / LoopCount:	448.000;	0.000;	9552.000;	3584.000;	0.000;	5968.000;	5968.000;	0.000;	0.000

LoopID : 0; InstanceID : 55; LoopCount : 10000; NbInsns : 1

Address; Instruction                                        ;  Type; Leader/Follower; Leader address; L1_HIT; L1_COLD; L1_CONF; L2_HIT; L2_COLD; L2_CONF; L3_HIT; L3_COLD; L3_CONF;

0x400b30; MOVAPS (%RSI),%XMM0                               ;	load;	l;	0x400b30;	448;	0;	9552;	3584;	0;	5968;	5968;	0;	0

Sum(Column):	448.000;	0.000;	9552.000;	3584.000;	0.000;	5968.000;	5968.000;	0.000;	0.000
Sum(Column) / LoopCount:	448.000;	0.000;	9552.000;	3584.000;	0.000;	5968.000;	5968.000;	0.000;	0.000

LoopID : 0; InstanceID : 56; LoopCount : 10000; NbInsns : 1

Address; Instruction                                        ;  Type; Leader/Follower; Leader address; L1_HIT; L1_COLD; L1_CONF; L2_HIT; L2_COLD; L2_CONF; L3_HIT; L3_COLD; L3_CONF;

0x400b30; MOVAPS (%RSI),%XMM0                               ;	load;	l;	0x400b30;	448;	0;	9552;	3584;	0;	5968;	5968;	0;	0

Sum(Column):	448.000;	0.000;	9552.000;	3584.000;	0.000;	5968.000;	5968.000;	0.000;	0.000
Sum(Column) / LoopCount:	448.000;	0.000;	9552.000;	3584.000;	0.000;	5968.000;	5968.000;	0.000;	0.000

LoopID : 0; InstanceID : 57; LoopCount : 10000; NbInsns : 1

Address; Instruction                                        ;  Type; Leader/Follower; Leader address; L1_HIT; L1_COLD; L1_CONF; L2_HIT; L2_COLD; L2_CONF; L3_HIT; L3_COLD; L3_CONF;

0x400b30; MOVAPS (%RSI),%XMM0                               ;	load;	l;	0x400b30;	448;	0;	9552;	3584;	0;	5968;	5968;	0;	0

Sum(Column):	448.000;	0.000;	9552.000;	3584.000;	0.000;	5968.000;	5968.000;	0.000;	0.000
Sum(Column) / LoopCount:	448.000;	0.000;	9552.000;	3584.000;	0.000;	5968.000;	5968.000;	0.000;	0.000

LoopID : 0; InstanceID : 58; LoopCount : 10000; NbInsns : 1

Address; Instruction                                        ;  Type; Leader/Follower; Leader address; L1_HIT; L1_COLD; L1_CONF; L2_HIT; L2_COLD; L2_CONF; L3_HIT; L3_COLD; L3_CONF;

0x400b30; MOVAPS (%RSI),%XMM0                               ;	load;	l;	0x400b30;	448;	0;	9552;	3584;	0;	5968;	5968;	0;	0

Sum(Column):	448.000;	0.000;	9552.000;	3584.000;	0.000;	5968.000;	5968.000;	0.000;	0.000
Sum(Column) / LoopCount:	448.000;	0.000;	9552.000;	3584.000;	0.000;	5968.000;	5968.000;	0.000;	0.000

LoopID : 0; InstanceID : 59; LoopCount : 10000; NbInsns : 1

Address; Instruction                                        ;  Type; Leader/Follower; Leader address; L1_HIT; L1_COLD; L1_CONF; L2_HIT; L2_COLD; L2_CONF; L3_HIT; L3_COLD; L3_CONF;

0x400b30; MOVAPS (%RSI),%XMM0                               ;	load;	l;	0x400b30;	448;	0;	9552;	3584;	0;	5968;	5968;	0;	0

Sum(Column):	448.000;	0.000;	9552.000;	3584.000;	0.000;	5968.000;	5968.000;	0.000;	0.000
Sum(Column) / LoopCount:	448.000;	0.000;	9552.000;	3584.000;	0.000;	5968.000;	5968.000;	0.000;	0.000

LoopID : 0; InstanceID : 60; LoopCount : 10000; NbInsns : 1

Address; Instruction                                        ;  Type; Leader/Follower; Leader address; L1_HIT; L1_COLD; L1_CONF; L2_HIT; L2_COLD; L2_CONF; L3_HIT; L3_COLD; L3_CONF;

0x400b30; MOVAPS (%RSI),%XMM0                               ;	load;	l;	0x400b30;	448;	0;	9552;	3584;	0;	5968;	5968;	0;	0

Sum(Column):	448.000;	0.000;	9552.000;	3584.000;	0.000;	5968.000;	5968.000;	0.000;	0.000
Sum(Column) / LoopCount:	448.000;	0.000;	9552.000;	3584.000;	0.000;	5968.000;	5968.000;	0.000;	0.000

LoopID : 0; InstanceID : 61; LoopCount : 10000; NbInsns : 1

Address; Instruction                                        ;  Type; Leader/Follower; Leader address; L1_HIT; L1_COLD; L1_CONF; L2_HIT; L2_COLD; L2_CONF; L3_HIT; L3_COLD; L3_CONF;

0x400b30; MOVAPS (%RSI),%XMM0                               ;	load;	l;	0x400b30;	448;	0;	9552;	3584;	0;	5968;	5968;	0;	0

Sum(Column):	448.000;	0.000;	9552.000;	3584.000;	0.000;	5968.000;	5968.000;	0.000;	0.000
Sum(Column) / LoopCount:	448.000;	0.000;	9552.000;	3584.000;	0.000;	5968.000;	5968.000;	0.000;	0.000

LoopID : 0; InstanceID : 62; LoopCount : 10000; NbInsns : 1

Address; Instruction                                        ;  Type; Leader/Follower; Leader address; L1_HIT; L1_COLD; L1_CONF; L2_HIT; L2_COLD; L2_CONF; L3_HIT; L3_COLD; L3_CONF;

0x400b30; MOVAPS (%RSI),%XMM0                               ;	load;	l;	0x400b30;	448;	0;	9552;	3584;	0;	5968;	5968;	0;	0

Sum(Column):	448.000;	0.000;	9552.000;	3584.000;	0.000;	5968.000;	5968.000;	0.000;	0.000
Sum(Column) / LoopCount:	448.000;	0.000;	9552.000;	3584.000;	0.000;	5968.000;	5968.000;	0.000;	0.000

LoopID : 0; InstanceID : 63; LoopCount : 10000; NbInsns : 1

Address; Instruction                                        ;  Type; Leader/Follower; Leader address; L1_HIT; L1_COLD; L1_CONF; L2_HIT; L2_COLD; L2_CONF; L3_HIT; L3_COLD; L3_CONF;

0x400b30; MOVAPS (%RSI),%XMM0                               ;	load;	l;	0x400b30;	448;	0;	9552;	3584;	0;	5968;	5968;	0;	0

Sum(Column):	448.000;	0.000;	9552.000;	3584.000;	0.000;	5968.000;	5968.000;	0.000;	0.000
Sum(Column) / LoopCount:	448.000;	0.000;	9552.000;	3584.000;	0.000;	5968.000;	5968.000;	0.000;	0.000

LoopID : 0; InstanceID : 64; LoopCount : 10000; NbInsns : 1

Address; Instruction                                        ;  Type; Leader/Follower; Leader address; L1_HIT; L1_COLD; L1_CONF; L2_HIT; L2_COLD; L2_CONF; L3_HIT; L3_COLD; L3_CONF;

0x400b30; MOVAPS (%RSI),%XMM0                               ;	load;	l;	0x400b30;	448;	0;	9552;	3584;	0;	5968;	5968;	0;	0

Sum(Column):	448.000;	0.000;	9552.000;	3584.000;	0.000;	5968.000;	5968.000;	0.000;	0.000
Sum(Column) / LoopCount:	448.000;	0.000;	9552.000;	3584.000;	0.000;	5968.000;	5968.000;	0.000;	0.000

LoopID : 0; InstanceID : 65; LoopCount : 10000; NbInsns : 1

Address; Instruction                                        ;  Type; Leader/Follower; Leader address; L1_HIT; L1_COLD; L1_CONF; L2_HIT; L2_COLD; L2_CONF; L3_HIT; L3_COLD; L3_CONF;

0x400b30; MOVAPS (%RSI),%XMM0                               ;	load;	l;	0x400b30;	448;	0;	9552;	3584;	0;	5968;	5968;	0;	0

Sum(Column):	448.000;	0.000;	9552.000;	3584.000;	0.000;	5968.000;	5968.000;	0.000;	0.000
Sum(Column) / LoopCount:	448.000;	0.000;	9552.000;	3584.000;	0.000;	5968.000;	5968.000;	0.000;	0.000

LoopID : 0; InstanceID : 66; LoopCount : 10000; NbInsns : 1

Address; Instruction                                        ;  Type; Leader/Follower; Leader address; L1_HIT; L1_COLD; L1_CONF; L2_HIT; L2_COLD; L2_CONF; L3_HIT; L3_COLD; L3_CONF;

0x400b30; MOVAPS (%RSI),%XMM0                               ;	load;	l;	0x400b30;	448;	0;	9552;	3584;	0;	5968;	5968;	0;	0

Sum(Column):	448.000;	0.000;	9552.000;	3584.000;	0.000;	5968.000;	5968.000;	0.000;	0.000
Sum(Column) / LoopCount:	448.000;	0.000;	9552.000;	3584.000;	0.000;	5968.000;	5968.000;	0.000;	0.000

LoopID : 0; InstanceID : 67; LoopCount : 10000; NbInsns : 1

Address; Instruction                                        ;  Type; Leader/Follower; Leader address; L1_HIT; L1_COLD; L1_CONF; L2_HIT; L2_COLD; L2_CONF; L3_HIT; L3_COLD; L3_CONF;

0x400b30; MOVAPS (%RSI),%XMM0                               ;	load;	l;	0x400b30;	448;	0;	9552;	3584;	0;	5968;	5968;	0;	0

Sum(Column):	448.000;	0.000;	9552.000;	3584.000;	0.000;	5968.000;	5968.000;	0.000;	0.000
Sum(Column) / LoopCount:	448.000;	0.000;	9552.000;	3584.000;	0.000;	5968.000;	5968.000;	0.000;	0.000

LoopID : 0; InstanceID : 68; LoopCount : 10000; NbInsns : 1

Address; Instruction                                        ;  Type; Leader/Follower; Leader address; L1_HIT; L1_COLD; L1_CONF; L2_HIT; L2_COLD; L2_CONF; L3_HIT; L3_COLD; L3_CONF;

0x400b30; MOVAPS (%RSI),%XMM0                               ;	load;	l;	0x400b30;	448;	0;	9552;	3584;	0;	5968;	5968;	0;	0

Sum(Column):	448.000;	0.000;	9552.000;	3584.000;	0.000;	5968.000;	5968.000;	0.000;	0.000
Sum(Column) / LoopCount:	448.000;	0.000;	9552.000;	3584.000;	0.000;	5968.000;	5968.000;	0.000;	0.000

LoopID : 0; InstanceID : 69; LoopCount : 10000; NbInsns : 1

Address; Instruction                                        ;  Type; Leader/Follower; Leader address; L1_HIT; L1_COLD; L1_CONF; L2_HIT; L2_COLD; L2_CONF; L3_HIT; L3_COLD; L3_CONF;

0x400b30; MOVAPS (%RSI),%XMM0                               ;	load;	l;	0x400b30;	448;	0;	9552;	3584;	0;	5968;	5968;	0;	0

Sum(Column):	448.000;	0.000;	9552.000;	3584.000;	0.000;	5968.000;	5968.000;	0.000;	0.000
Sum(Column) / LoopCount:	448.000;	0.000;	9552.000;	3584.000;	0.000;	5968.000;	5968.000;	0.000;	0.000

LoopID : 0; InstanceID : 70; LoopCount : 10000; NbInsns : 1

Address; Instruction                                        ;  Type; Leader/Follower; Leader address; L1_HIT; L1_COLD; L1_CONF; L2_HIT; L2_COLD; L2_CONF; L3_HIT; L3_COLD; L3_CONF;

0x400b30; MOVAPS (%RSI),%XMM0                               ;	load;	l;	0x400b30;	448;	0;	9552;	3584;	0;	5968;	5968;	0;	0

Sum(Column):	448.000;	0.000;	9552.000;	3584.000;	0.000;	5968.000;	5968.000;	0.000;	0.000
Sum(Column) / LoopCount:	448.000;	0.000;	9552.000;	3584.000;	0.000;	5968.000;	5968.000;	0.000;	0.000

LoopID : 0; InstanceID : 71; LoopCount : 10000; NbInsns : 1

Address; Instruction                                        ;  Type; Leader/Follower; Leader address; L1_HIT; L1_COLD; L1_CONF; L2_HIT; L2_COLD; L2_CONF; L3_HIT; L3_COLD; L3_CONF;

0x400b30; MOVAPS (%RSI),%XMM0                               ;	load;	l;	0x400b30;	448;	0;	9552;	3584;	0;	5968;	5968;	0;	0

Sum(Column):	448.000;	0.000;	9552.000;	3584.000;	0.000;	5968.000;	5968.000;	0.000;	0.000
Sum(Column) / LoopCount:	448.000;	0.000;	9552.000;	3584.000;	0.000;	5968.000;	5968.000;	0.000;	0.000

LoopID : 0; InstanceID : 72; LoopCount : 10000; NbInsns : 1

Address; Instruction                                        ;  Type; Leader/Follower; Leader address; L1_HIT; L1_COLD; L1_CONF; L2_HIT; L2_COLD; L2_CONF; L3_HIT; L3_COLD; L3_CONF;

0x400b30; MOVAPS (%RSI),%XMM0                               ;	load;	l;	0x400b30;	448;	0;	9552;	3584;	0;	5968;	5968;	0;	0

Sum(Column):	448.000;	0.000;	9552.000;	3584.000;	0.000;	5968.000;	5968.000;	0.000;	0.000
Sum(Column) / LoopCount:	448.000;	0.000;	9552.000;	3584.000;	0.000;	5968.000;	5968.000;	0.000;	0.000

LoopID : 0; InstanceID : 73; LoopCount : 10000; NbInsns : 1

Address; Instruction                                        ;  Type; Leader/Follower; Leader address; L1_HIT; L1_COLD; L1_CONF; L2_HIT; L2_COLD; L2_CONF; L3_HIT; L3_COLD; L3_CONF;

0x400b30; MOVAPS (%RSI),%XMM0                               ;	load;	l;	0x400b30;	448;	0;	9552;	3584;	0;	5968;	5968;	0;	0

Sum(Column):	448.000;	0.000;	9552.000;	3584.000;	0.000;	5968.000;	5968.000;	0.000;	0.000
Sum(Column) / LoopCount:	448.000;	0.000;	9552.000;	3584.000;	0.000;	5968.000;	5968.000;	0.000;	0.000

LoopID : 0; InstanceID : 74; LoopCount : 10000; NbInsns : 1

Address; Instruction                                        ;  Type; Leader/Follower; Leader address; L1_HIT; L1_COLD; L1_CONF; L2_HIT; L2_COLD; L2_CONF; L3_HIT; L3_COLD; L3_CONF;

0x400b30; MOVAPS (%RSI),%XMM0                               ;	load;	l;	0x400b30;	448;	0;	9552;	3584;	0;	5968;	5968;	0;	0

Sum(Column):	448.000;	0.000;	9552.000;	3584.000;	0.000;	5968.000;	5968.000;	0.000;	0.000
Sum(Column) / LoopCount:	448.000;	0.000;	9552.000;	3584.000;	0.000;	5968.000;	5968.000;	0.000;	0.000

LoopID : 0; InstanceID : 75; LoopCount : 10000; NbInsns : 1

Address; Instruction                                        ;  Type; Leader/Follower; Leader address; L1_HIT; L1_COLD; L1_CONF; L2_HIT; L2_COLD; L2_CONF; L3_HIT; L3_COLD; L3_CONF;

0x400b30; MOVAPS (%RSI),%XMM0                               ;	load;	l;	0x400b30;	448;	0;	9552;	3584;	0;	5968;	5968;	0;	0

Sum(Column):	448.000;	0.000;	9552.000;	3584.000;	0.000;	5968.000;	5968.000;	0.000;	0.000
Sum(Column) / LoopCount:	448.000;	0.000;	9552.000;	3584.000;	0.000;	5968.000;	5968.000;	0.000;	0.000

LoopID : 0; InstanceID : 76; LoopCount : 10000; NbInsns : 1

Address; Instruction                                        ;  Type; Leader/Follower; Leader address; L1_HIT; L1_COLD; L1_CONF; L2_HIT; L2_COLD; L2_CONF; L3_HIT; L3_COLD; L3_CONF;

0x400b30; MOVAPS (%RSI),%XMM0                               ;	load;	l;	0x400b30;	448;	0;	9552;	3584;	0;	5968;	5968;	0;	0

Sum(Column):	448.000;	0.000;	9552.000;	3584.000;	0.000;	5968.000;	5968.000;	0.000;	0.000
Sum(Column) / LoopCount:	448.000;	0.000;	9552.000;	3584.000;	0.000;	5968.000;	5968.000;	0.000;	0.000

LoopID : 0; InstanceID : 77; LoopCount : 10000; NbInsns : 1

Address; Instruction                                        ;  Type; Leader/Follower; Leader address; L1_HIT; L1_COLD; L1_CONF; L2_HIT; L2_COLD; L2_CONF; L3_HIT; L3_COLD; L3_CONF;

0x400b30; MOVAPS (%RSI),%XMM0                               ;	load;	l;	0x400b30;	448;	0;	9552;	3584;	0;	5968;	5968;	0;	0

Sum(Column):	448.000;	0.000;	9552.000;	3584.000;	0.000;	5968.000;	5968.000;	0.000;	0.000
Sum(Column) / LoopCount:	448.000;	0.000;	9552.000;	3584.000;	0.000;	5968.000;	5968.000;	0.000;	0.000

LoopID : 0; InstanceID : 78; LoopCount : 10000; NbInsns : 1

Address; Instruction                                        ;  Type; Leader/Follower; Leader address; L1_HIT; L1_COLD; L1_CONF; L2_HIT; L2_COLD; L2_CONF; L3_HIT; L3_COLD; L3_CONF;

0x400b30; MOVAPS (%RSI),%XMM0                               ;	load;	l;	0x400b30;	448;	0;	9552;	3584;	0;	5968;	5968;	0;	0

Sum(Column):	448.000;	0.000;	9552.000;	3584.000;	0.000;	5968.000;	5968.000;	0.000;	0.000
Sum(Column) / LoopCount:	448.000;	0.000;	9552.000;	3584.000;	0.000;	5968.000;	5968.000;	0.000;	0.000

LoopID : 0; InstanceID : 79; LoopCount : 10000; NbInsns : 1

Address; Instruction                                        ;  Type; Leader/Follower; Leader address; L1_HIT; L1_COLD; L1_CONF; L2_HIT; L2_COLD; L2_CONF; L3_HIT; L3_COLD; L3_CONF;

0x400b30; MOVAPS (%RSI),%XMM0                               ;	load;	l;	0x400b30;	448;	0;	9552;	3584;	0;	5968;	5968;	0;	0

Sum(Column):	448.000;	0.000;	9552.000;	3584.000;	0.000;	5968.000;	5968.000;	0.000;	0.000
Sum(Column) / LoopCount:	448.000;	0.000;	9552.000;	3584.000;	0.000;	5968.000;	5968.000;	0.000;	0.000

LoopID : 0; InstanceID : 80; LoopCount : 10000; NbInsns : 1

Address; Instruction                                        ;  Type; Leader/Follower; Leader address; L1_HIT; L1_COLD; L1_CONF; L2_HIT; L2_COLD; L2_CONF; L3_HIT; L3_COLD; L3_CONF;

0x400b30; MOVAPS (%RSI),%XMM0                               ;	load;	l;	0x400b30;	448;	0;	9552;	3584;	0;	5968;	5968;	0;	0

Sum(Column):	448.000;	0.000;	9552.000;	3584.000;	0.000;	5968.000;	5968.000;	0.000;	0.000
Sum(Column) / LoopCount:	448.000;	0.000;	9552.000;	3584.000;	0.000;	5968.000;	5968.000;	0.000;	0.000

LoopID : 0; InstanceID : 81; LoopCount : 10000; NbInsns : 1

Address; Instruction                                        ;  Type; Leader/Follower; Leader address; L1_HIT; L1_COLD; L1_CONF; L2_HIT; L2_COLD; L2_CONF; L3_HIT; L3_COLD; L3_CONF;

0x400b30; MOVAPS (%RSI),%XMM0                               ;	load;	l;	0x400b30;	448;	0;	9552;	3584;	0;	5968;	5968;	0;	0

Sum(Column):	448.000;	0.000;	9552.000;	3584.000;	0.000;	5968.000;	5968.000;	0.000;	0.000
Sum(Column) / LoopCount:	448.000;	0.000;	9552.000;	3584.000;	0.000;	5968.000;	5968.000;	0.000;	0.000

LoopID : 0; InstanceID : 82; LoopCount : 10000; NbInsns : 1

Address; Instruction                                        ;  Type; Leader/Follower; Leader address; L1_HIT; L1_COLD; L1_CONF; L2_HIT; L2_COLD; L2_CONF; L3_HIT; L3_COLD; L3_CONF;

0x400b30; MOVAPS (%RSI),%XMM0                               ;	load;	l;	0x400b30;	448;	0;	9552;	3584;	0;	5968;	5968;	0;	0

Sum(Column):	448.000;	0.000;	9552.000;	3584.000;	0.000;	5968.000;	5968.000;	0.000;	0.000
Sum(Column) / LoopCount:	448.000;	0.000;	9552.000;	3584.000;	0.000;	5968.000;	5968.000;	0.000;	0.000

LoopID : 0; InstanceID : 83; LoopCount : 10000; NbInsns : 1

Address; Instruction                                        ;  Type; Leader/Follower; Leader address; L1_HIT; L1_COLD; L1_CONF; L2_HIT; L2_COLD; L2_CONF; L3_HIT; L3_COLD; L3_CONF;

0x400b30; MOVAPS (%RSI),%XMM0                               ;	load;	l;	0x400b30;	448;	0;	9552;	3584;	0;	5968;	5968;	0;	0

Sum(Column):	448.000;	0.000;	9552.000;	3584.000;	0.000;	5968.000;	5968.000;	0.000;	0.000
Sum(Column) / LoopCount:	448.000;	0.000;	9552.000;	3584.000;	0.000;	5968.000;	5968.000;	0.000;	0.000

LoopID : 0; InstanceID : 84; LoopCount : 10000; NbInsns : 1

Address; Instruction                                        ;  Type; Leader/Follower; Leader address; L1_HIT; L1_COLD; L1_CONF; L2_HIT; L2_COLD; L2_CONF; L3_HIT; L3_COLD; L3_CONF;

0x400b30; MOVAPS (%RSI),%XMM0                               ;	load;	l;	0x400b30;	448;	0;	9552;	3584;	0;	5968;	5968;	0;	0

Sum(Column):	448.000;	0.000;	9552.000;	3584.000;	0.000;	5968.000;	5968.000;	0.000;	0.000
Sum(Column) / LoopCount:	448.000;	0.000;	9552.000;	3584.000;	0.000;	5968.000;	5968.000;	0.000;	0.000

LoopID : 0; InstanceID : 85; LoopCount : 10000; NbInsns : 1

Address; Instruction                                        ;  Type; Leader/Follower; Leader address; L1_HIT; L1_COLD; L1_CONF; L2_HIT; L2_COLD; L2_CONF; L3_HIT; L3_COLD; L3_CONF;

0x400b30; MOVAPS (%RSI),%XMM0                               ;	load;	l;	0x400b30;	448;	0;	9552;	3584;	0;	5968;	5968;	0;	0

Sum(Column):	448.000;	0.000;	9552.000;	3584.000;	0.000;	5968.000;	5968.000;	0.000;	0.000
Sum(Column) / LoopCount:	448.000;	0.000;	9552.000;	3584.000;	0.000;	5968.000;	5968.000;	0.000;	0.000

LoopID : 0; InstanceID : 86; LoopCount : 10000; NbInsns : 1

Address; Instruction                                        ;  Type; Leader/Follower; Leader address; L1_HIT; L1_COLD; L1_CONF; L2_HIT; L2_COLD; L2_CONF; L3_HIT; L3_COLD; L3_CONF;

0x400b30; MOVAPS (%RSI),%XMM0                               ;	load;	l;	0x400b30;	448;	0;	9552;	3584;	0;	5968;	5968;	0;	0

Sum(Column):	448.000;	0.000;	9552.000;	3584.000;	0.000;	5968.000;	5968.000;	0.000;	0.000
Sum(Column) / LoopCount:	448.000;	0.000;	9552.000;	3584.000;	0.000;	5968.000;	5968.000;	0.000;	0.000

LoopID : 0; InstanceID : 87; LoopCount : 10000; NbInsns : 1

Address; Instruction                                        ;  Type; Leader/Follower; Leader address; L1_HIT; L1_COLD; L1_CONF; L2_HIT; L2_COLD; L2_CONF; L3_HIT; L3_COLD; L3_CONF;

0x400b30; MOVAPS (%RSI),%XMM0                               ;	load;	l;	0x400b30;	448;	0;	9552;	3584;	0;	5968;	5968;	0;	0

Sum(Column):	448.000;	0.000;	9552.000;	3584.000;	0.000;	5968.000;	5968.000;	0.000;	0.000
Sum(Column) / LoopCount:	448.000;	0.000;	9552.000;	3584.000;	0.000;	5968.000;	5968.000;	0.000;	0.000

LoopID : 0; InstanceID : 88; LoopCount : 10000; NbInsns : 1

Address; Instruction                                        ;  Type; Leader/Follower; Leader address; L1_HIT; L1_COLD; L1_CONF; L2_HIT; L2_COLD; L2_CONF; L3_HIT; L3_COLD; L3_CONF;

0x400b30; MOVAPS (%RSI),%XMM0                               ;	load;	l;	0x400b30;	448;	0;	9552;	3584;	0;	5968;	5968;	0;	0

Sum(Column):	448.000;	0.000;	9552.000;	3584.000;	0.000;	5968.000;	5968.000;	0.000;	0.000
Sum(Column) / LoopCount:	448.000;	0.000;	9552.000;	3584.000;	0.000;	5968.000;	5968.000;	0.000;	0.000

LoopID : 0; InstanceID : 89; LoopCount : 10000; NbInsns : 1

Address; Instruction                                        ;  Type; Leader/Follower; Leader address; L1_HIT; L1_COLD; L1_CONF; L2_HIT; L2_COLD; L2_CONF; L3_HIT; L3_COLD; L3_CONF;

0x400b30; MOVAPS (%RSI),%XMM0                               ;	load;	l;	0x400b30;	448;	0;	9552;	3584;	0;	5968;	5968;	0;	0

Sum(Column):	448.000;	0.000;	9552.000;	3584.000;	0.000;	5968.000;	5968.000;	0.000;	0.000
Sum(Column) / LoopCount:	448.000;	0.000;	9552.000;	3584.000;	0.000;	5968.000;	5968.000;	0.000;	0.000

LoopID : 0; InstanceID : 90; LoopCount : 10000; NbInsns : 1

Address; Instruction                                        ;  Type; Leader/Follower; Leader address; L1_HIT; L1_COLD; L1_CONF; L2_HIT; L2_COLD; L2_CONF; L3_HIT; L3_COLD; L3_CONF;

0x400b30; MOVAPS (%RSI),%XMM0                               ;	load;	l;	0x400b30;	448;	0;	9552;	3584;	0;	5968;	5968;	0;	0

Sum(Column):	448.000;	0.000;	9552.000;	3584.000;	0.000;	5968.000;	5968.000;	0.000;	0.000
Sum(Column) / LoopCount:	448.000;	0.000;	9552.000;	3584.000;	0.000;	5968.000;	5968.000;	0.000;	0.000

LoopID : 0; InstanceID : 91; LoopCount : 10000; NbInsns : 1

Address; Instruction                                        ;  Type; Leader/Follower; Leader address; L1_HIT; L1_COLD; L1_CONF; L2_HIT; L2_COLD; L2_CONF; L3_HIT; L3_COLD; L3_CONF;

0x400b30; MOVAPS (%RSI),%XMM0                               ;	load;	l;	0x400b30;	448;	0;	9552;	3584;	0;	5968;	5968;	0;	0

Sum(Column):	448.000;	0.000;	9552.000;	3584.000;	0.000;	5968.000;	5968.000;	0.000;	0.000
Sum(Column) / LoopCount:	448.000;	0.000;	9552.000;	3584.000;	0.000;	5968.000;	5968.000;	0.000;	0.000

LoopID : 0; InstanceID : 92; LoopCount : 10000; NbInsns : 1

Address; Instruction                                        ;  Type; Leader/Follower; Leader address; L1_HIT; L1_COLD; L1_CONF; L2_HIT; L2_COLD; L2_CONF; L3_HIT; L3_COLD; L3_CONF;

0x400b30; MOVAPS (%RSI),%XMM0                               ;	load;	l;	0x400b30;	448;	0;	9552;	3584;	0;	5968;	5968;	0;	0

Sum(Column):	448.000;	0.000;	9552.000;	3584.000;	0.000;	5968.000;	5968.000;	0.000;	0.000
Sum(Column) / LoopCount:	448.000;	0.000;	9552.000;	3584.000;	0.000;	5968.000;	5968.000;	0.000;	0.000

LoopID : 0; InstanceID : 93; LoopCount : 10000; NbInsns : 1

Address; Instruction                                        ;  Type; Leader/Follower; Leader address; L1_HIT; L1_COLD; L1_CONF; L2_HIT; L2_COLD; L2_CONF; L3_HIT; L3_COLD; L3_CONF;

0x400b30; MOVAPS (%RSI),%XMM0                               ;	load;	l;	0x400b30;	448;	0;	9552;	3584;	0;	5968;	5968;	0;	0

Sum(Column):	448.000;	0.000;	9552.000;	3584.000;	0.000;	5968.000;	5968.000;	0.000;	0.000
Sum(Column) / LoopCount:	448.000;	0.000;	9552.000;	3584.000;	0.000;	5968.000;	5968.000;	0.000;	0.000

LoopID : 0; InstanceID : 94; LoopCount : 10000; NbInsns : 1

Address; Instruction                                        ;  Type; Leader/Follower; Leader address; L1_HIT; L1_COLD; L1_CONF; L2_HIT; L2_COLD; L2_CONF; L3_HIT; L3_COLD; L3_CONF;

0x400b30; MOVAPS (%RSI),%XMM0                               ;	load;	l;	0x400b30;	448;	0;	9552;	3584;	0;	5968;	5968;	0;	0

Sum(Column):	448.000;	0.000;	9552.000;	3584.000;	0.000;	5968.000;	5968.000;	0.000;	0.000
Sum(Column) / LoopCount:	448.000;	0.000;	9552.000;	3584.000;	0.000;	5968.000;	5968.000;	0.000;	0.000

LoopID : 0; InstanceID : 95; LoopCount : 10000; NbInsns : 1

Address; Instruction                                        ;  Type; Leader/Follower; Leader address; L1_HIT; L1_COLD; L1_CONF; L2_HIT; L2_COLD; L2_CONF; L3_HIT; L3_COLD; L3_CONF;

0x400b30; MOVAPS (%RSI),%XMM0                               ;	load;	l;	0x400b30;	448;	0;	9552;	3584;	0;	5968;	5968;	0;	0

Sum(Column):	448.000;	0.000;	9552.000;	3584.000;	0.000;	5968.000;	5968.000;	0.000;	0.000
Sum(Column) / LoopCount:	448.000;	0.000;	9552.000;	3584.000;	0.000;	5968.000;	5968.000;	0.000;	0.000

LoopID : 0; InstanceID : 96; LoopCount : 10000; NbInsns : 1

Address; Instruction                                        ;  Type; Leader/Follower; Leader address; L1_HIT; L1_COLD; L1_CONF; L2_HIT; L2_COLD; L2_CONF; L3_HIT; L3_COLD; L3_CONF;

0x400b30; MOVAPS (%RSI),%XMM0                               ;	load;	l;	0x400b30;	448;	0;	9552;	3584;	0;	5968;	5968;	0;	0

Sum(Column):	448.000;	0.000;	9552.000;	3584.000;	0.000;	5968.000;	5968.000;	0.000;	0.000
Sum(Column) / LoopCount:	448.000;	0.000;	9552.000;	3584.000;	0.000;	5968.000;	5968.000;	0.000;	0.000

LoopID : 0; InstanceID : 97; LoopCount : 10000; NbInsns : 1

Address; Instruction                                        ;  Type; Leader/Follower; Leader address; L1_HIT; L1_COLD; L1_CONF; L2_HIT; L2_COLD; L2_CONF; L3_HIT; L3_COLD; L3_CONF;

0x400b30; MOVAPS (%RSI),%XMM0                               ;	load;	l;	0x400b30;	448;	0;	9552;	3584;	0;	5968;	5968;	0;	0

Sum(Column):	448.000;	0.000;	9552.000;	3584.000;	0.000;	5968.000;	5968.000;	0.000;	0.000
Sum(Column) / LoopCount:	448.000;	0.000;	9552.000;	3584.000;	0.000;	5968.000;	5968.000;	0.000;	0.000

LoopID : 0; InstanceID : 98; LoopCount : 10000; NbInsns : 1

Address; Instruction                                        ;  Type; Leader/Follower; Leader address; L1_HIT; L1_COLD; L1_CONF; L2_HIT; L2_COLD; L2_CONF; L3_HIT; L3_COLD; L3_CONF;

0x400b30; MOVAPS (%RSI),%XMM0                               ;	load;	l;	0x400b30;	448;	0;	9552;	3584;	0;	5968;	5968;	0;	0

Sum(Column):	448.000;	0.000;	9552.000;	3584.000;	0.000;	5968.000;	5968.000;	0.000;	0.000
Sum(Column) / LoopCount:	448.000;	0.000;	9552.000;	3584.000;	0.000;	5968.000;	5968.000;	0.000;	0.000

LoopID : 0; InstanceID : 99; LoopCount : 10000; NbInsns : 1

Address; Instruction                                        ;  Type; Leader/Follower; Leader address; L1_HIT; L1_COLD; L1_CONF; L2_HIT; L2_COLD; L2_CONF; L3_HIT; L3_COLD; L3_CONF;

0x400b30; MOVAPS (%RSI),%XMM0                               ;	load;	l;	0x400b30;	448;	0;	9552;	3584;	0;	5968;	5968;	0;	0

Sum(Column):	448.000;	0.000;	9552.000;	3584.000;	0.000;	5968.000;	5968.000;	0.000;	0.000
Sum(Column) / LoopCount:	448.000;	0.000;	9552.000;	3584.000;	0.000;	5968.000;	5968.000;	0.000;	0.000

